Unnamed: 0,ID,Result,Value
9911.0,9911.0,9911,9911.0
5043.90122087,2521.45141762,0.50448996064978302,587.790838462
2861.37603166,1431.1184563,0.50000506523681409,263.968828123
0.0,0.0,False,287.0
2566.5,1283.0,0.0,294.0
5044.0,2522.0,1.0,408.0
7521.5,3760.5,1.0,853.0
9999.0,4999.0,True,895.0
