,Unnamed: 0,ID,Result,Value
count,112.0,112.0,112,112.0
mean,135.758928571,135.758928571,0.0,877.419642857
std,51.5105596689,51.5105596689,0.0,2.12508989893
min,0.0,0.0,False,873.0
25%,116.75,116.75,0.0,876.0
50%,144.5,144.5,0.0,878.0
75%,172.25,172.25,0.0,879.0
max,200.0,200.0,False,881.0
