Unnamed: 0,ID,Result,Value
9001.0,9001.0,9001,9001.0
5498.88901233,2721.41984224,0.55549383401844243,560.533496278
2598.72277155,1346.31025624,0.49693849719030042,261.904858075
0.0,0.0,False,287.0
3249.0,1624.0,0.0,293.0
5499.0,2749.0,1.0,403.0
7749.0,3874.0,1.0,852.0
9999.0,4999.0,True,877.0
