,ID,Value
count,10000.0,10000.0
mean,2499.5,590.3581
std,1443.4478183,264.184366309
min,0.0,287.0
25%,1249.75,294.0
50%,2499.5,412.5
75%,3749.25,854.0
max,4999.0,895.0
